Task,Story,Priority,Estimated Effort, status
Create timer component structure,"1, 2, 2003",High,1,done
Implement timer countdown logic,"1, 2, 2003",High,2,
Display timer countdown UI,"1, 2, 2003",High,1
Add start button,"1, 2, 2003",High,1
Add pause button,"1, 2, 2003",High,1,
Add reset button,"1, 2",High,1
Set default Pomodoro work duration (25 minutes),1,High,1
Set default Pomodoro break duration (5 minutes),1,High,1
Create settings UI for work/break durations,"1, 5",Medium,2
Implement work/break duration configuration logic,"1, 5",Medium,2
Implement Pomodoro work cycle logic,1,High,2
Implement Pomodoro break cycle logic,1,High,2
Display current cycle count,1,Medium,1
Display total completed cycles,1,Medium,1
Create countdown timer component structure,2,High,1
Implement countdown timer logic,2,High,2
Display countdown timer UI,2,High,1
Create stopwatch component structure,3,Medium,1
Implement stopwatch logic,3,Medium,2
Display stopwatch UI,3,Medium,1
Implement lap/split functionality for stopwatch,3,Medium,2
Design home screen UI,4,High,2
Add quick access buttons/tiles for timers,4,High,1
Display app description on home screen,4,Low,1
Create settings screen UI,5,Medium,1
Implement light/dark theme switching logic,5,Medium,2
Create notification sound settings UI,"5, 6",Medium,1
Implement notification sound settings logic,"5, 6",Medium,2
Display timer end notifications,6,High,2
Display break start notifications,6,High,1
Implement skip break functionality,1,Low,2
Create Pomodoro history tracking logic,7,Medium,3
Display productivity visualizations/charts UI,7,Medium,2
Implement productivity visualization logic,7,Medium,3
Implement export productivity data functionality,7,Low,2
Implement social sharing for achievements,8,Low,3
Create UI for connecting with friends/study groups,8,Low,2
Implement logic for connecting with friends/study groups,8,Low,4
Create UI for productivity challenges/leaderboards,8,Low,2
Implement productivity challenges/leaderboards logic,8,Low,4
Conduct unit testing,-,High,3
Conduct integration testing,-,High,3
Conduct end-to-end testing,-,High,2
Fix identified bugs,-,High,3